Workbook

Sheet PF
E1: A | G1: B | K1: C | O1: D
C2: A-1 | E2: A0 | G2: B0 | K2: C0 | O2: D0
C3: Producto | D3: Consome | E3: Producto | F3: Consome | G3: Producto | H3: - | I3: Producto | J3: - | K3: Producto | L3: - | M3: Producto | N3: Consome | O3: Producto | P3: Consome
C4: Cantidad (cj) | D4: 100 | E4: Cantidad (cj) | F4: 80 | G4: Cantidad (cj) | H4: - | I4: Cantidad (cj) | J4: - | K4: Cantidad (cj) | L4: - | M4: Cantidad (cj) | N4: 48 | O4: Cantidad (cj) | P4: 100
C5: Lote | D5: =D16 -> 0 | E5: Lote | F5: 010625 | G5: Lote | H5: - | I5: Lote | J5: - | K5: Lote | L5: - | M5: Lote | N5: 010525 | O5: Lote | P5: 010625
A6: Producto | B6: Abreviatura | E6: A1 | G6: B1 | K6: C1 | O6: D1
A7: Consome | B7: Consome | E7: Producto | F7: Consome | G7: Producto | H7: Consome | I7: Producto | J7: Empaque | K7: Producto | L7: Empaque | M7: Producto | N7: Empaque | O7: Producto | P7: Empaque
A8: Mole almendrado | B8: Mo.Al | E8: Cantidad (cj) | F8: 100 | G8: Cantidad (cj) | H8: 100 | I8: Cantidad (cj) | J8: - | K8: Cantidad (cj) | L8: - | M8: Cantidad (cj) | N8: - | O8: Cantidad (cj) | P8: -
A9: Mole con Ajonjoli | B9: Mo.Aj | E9: Lote | F9: 010425 | G9: Lote | H9: - | I9: Lote | J9: - | K9: Lote | L9: - | M9: Lote | N9: - | O9: Lote | P9: -
A10: Mole Poblano | B10: Mo.Po | E10: A2 | G10: B2 | K10: C2 | O10: D2
A11: Chipotles | B11: Chipotles | E11: Producto | F11: =B9 -> Mo.Aj | G11: Producto | H11: =B9 -> Mo.Aj | I11: Producto | J11: - | K11: Producto | L11: C.M.P | M11: Producto | N11: =B12 -> C.M.P | O11: Producto | P11: =B12 -> C.M.P
A12: Cereza Materia prima | B12: C.M.P | E12: Cantidad (cj) | F12: 100 | G12: Cantidad (cj) | H12: 100 | I12: Cantidad (cj) | J12: - | K12: Cantidad (cj) | L12: 16 | M12: Cantidad (cj) | N12: 52 | O12: Cantidad (cj) | P12: 58
A13: Cereza Producto Final | B13: C.P.F | E13: Lote | F13: 010425 | G13: Lote | H13: 150425 | I13: Lote | J13: - | K13: Lote | L13: 1K05240109373 | M13: Lote | N13: 1K05240109373 | O13: Lote | P13: 1K05240109373
A14: Rajas | B14: Rajas | E14: A3 | G14: B3 | K14: C3 | O14: D3
A15: Empaques | B15: Empaque | E15: Producto | F15: =B9 -> Mo.Aj | G15: Producto | H15: =B8 -> Mo.Al | I15: Producto | J15: =B9 -> Mo.Aj | K15: Producto | L15: =B10 -> Mo.Po | M15: Producto | N15: =B13 -> C.P.F | O15: Producto | P15: Rajas
E16: Cantidad (cj) | F16: 84 | G16: Cantidad (cj) | H16: 81 | I16: Cantidad (cj) | J16: 47 | K16: Cantidad (cj) | L16: 27 | M16: Cantidad (cj) | N16: 71 | O16: Cantidad (cj) | P16: -
E17: Lote | G17: Lote | H17: 150425 | I17: Lote | J17: 010525 | K17: Lote | L17: 150525 | M17: Lote | N17: 151124 | O17: Lote | P17: -
E21: E | G21: F | I21: G | K21: H | M21: I
C22: E-1 | E22: E0 | G22: F0 | I22: G0 | K22: H0 | M22: I0
C23: Producto | D23: =B10 -> Mo.Po | E23: Producto | F23: =B10 -> Mo.Po | G23: Producto | H23: =B9 -> Mo.Aj | I23: Producto | J23: - | K23: Producto | L23: =B10 -> Mo.Po | M23: Producto | N23: =B9 -> Mo.Aj | O23: Producto | P23: Chipotle
C24: Cantidad (cj) | D24: 27 | E24: Cantidad (cj) | F24: 86 | G24: Cantidad (cj) | H24: 118 | I24: Cantidad (cj) | J24: - | K24: Cantidad (cj) | L24: 81 | M24: Cantidad (cj) | N24: 37 | O24: Cantidad (cj) | P24: 117
C25: Lote | D25: 010625 | E25: Lote | F25: 010625 | G25: Lote | H25: 010525 | I25: Lote | J25: - | K25: Lote | L25: 010525 | M25: Lote | N25: 010425 | O25: Lote | P25: 010625
E26: E1 | G26: F1 | I26: G1 | K26: H1 | M26: I1
E27: Producto | F27: Consome | G27: Producto | H27: Consome | I27: Producto | J27: Consome | K27: Producto | L27: Consome | M27: Producto | N27: Consome | O27: Producto | P27: Consome
E28: Cantidad (cj) | F28: 100 | G28: Cantidad (cj) | H28: 100 | I28: Cantidad (cj) | J28: 100 | K28: Cantidad (cj) | L28: 100 | M28: Cantidad (cj) | N28: 100 | O28: Cantidad (cj) | P28: 100
E29: Lote | F29: 010625 | G29: Lote | H29: - | I29: Lote | J29: 150525 | K29: Lote | L29: 150225 | M29: Lote | N29: 150525 | O29: Lote | P29: 150525
E30: E2 | G30: F2 | I30: G2 | K30: H2 | M30: I2
E31: Producto | F31: Consome | G31: Producto | H31: Consome | I31: Producto | J31: Consome | K31: Producto | L31: Consome | M31: Producto | N31: =B9 -> Mo.Aj | O31: Producto | P31: =B10 -> Mo.Po
E32: Cantidad (cj) | F32: 100 | G32: Cantidad (cj) | H32: 100 | I32: Cantidad (cj) | J32: 100 | K32: Cantidad (cj) | L32: 100 | M32: Cantidad (cj) | N32: 100 | O32: Cantidad (cj) | P32: 100
E33: Lote | F33: 150525 | G33: Lote | H33: 010625 | I33: Lote | J33: 010625 | K33: Lote | L33: 150525 | M33: Lote | O33: Lote
E34: E3 | G34: F3 | I34: G3 | K34: H3 | M34: I3
E35: Producto | F35: =B10 -> Mo.Po | G35: Producto | H35: =B8 -> Mo.Al | I35: Producto | J35: =B12 -> C.M.P | K35: Producto | L35: =B8 -> Mo.Al | M35: Producto | N35: =B8 -> Mo.Al | O35: Producto | P35: Chipotle
E36: Cantidad (cj) | F36: 100 | G36: Cantidad (cj) | H36: 107 | I36: Cantidad (cj) | J36: 60 | K36: Cantidad (cj) | L36: 78 | M36: Cantidad (cj) | N36: 95 | O36: Cantidad (cj) | P36: 53
E37: Lote | F37: 150325 | G37: Lote | H37: 010425 | I37: Lote | J37: 1K05240109373 | K37: Lote | L37: - | M37: Lote | N37: 15.04.25 15.05.25 01.03.25 | O37: Lote | P37: 01.03.25 15.05.25
E38: E4 | G38: F4 | I38: G4
E39: Producto | F39: =B10 -> Mo.Po | G39: Producto | H39: =B8 -> Mo.Al | I39: Producto | J39: C.M.P
E40: Cantidad (cj) | F40: 48 | G40: Cantidad (cj) | H40: 90 | I40: Cantidad (cj) | J40: 60
E41: Lote | F41: 010525 | G41: Lote | H41: 010525 | I41: Lote | J41: 1K05240109373
C42: E-5 | E42: E5 | G42: F5 | I42: G5
C43: Producto | D43: =B10 -> Mo.Po | E43: Producto | F43: =B10 -> Mo.Po | G43: Producto | H43: =B8 -> Mo.Al | I43: Producto | J43: C.M.P
C44: Cantidad (cj) | D44: 113 | E44: Cantidad (cj) | F44: 100 | G44: Cantidad (cj) | H44: 81 | I44: Cantidad (cj) | J44: 60
C45: Lote | D45: 010625 | E45: Lote | F45: 01.05.25 15.04.25 | G45: Lote | H45: 150525 | I45: Lote | J45: 1K05240109373
G46: F6 | I46: G6
G47: Producto | H47: =B8 -> Mo.Al | I47: Producto | J47: C.M.P
G48: Cantidad (cj) | H48: 100 | I48: Cantidad (cj) | J48: 60
G49: Lote | H49: 010525 | I49: Lote | J49: 1K05240109373
C56: RACK 3
C57: 5KG | K57: 6KG
C58: Producto | K58: Producto
C59: Cantidad(Pz) | K59: Cantidad(kg)
C60: Lote | K60: Lote
C61: 3 kg | E61: 2 kg | G61: 1 kg | I61: Premium 5KG | K61: 10 KG
C62: Producto | E62: Producto | G62: Producto | I62: Producto | K62: Producto
C63: Cantidad(Pz) | E63: Cantidad(Pz) | G63: Cantidad(Pz) | I63: Cantidad(Pz) | K63: Cantidad(Pz)
C64: Lote | E64: Lote | G64: Lote | I64: Lote | K64: Lote
C65: Moles a Granel
B66: Mo.Al | F66: Mo.Aj | J66: Mo.Po
B67: Mo.Al 1 | D67: Mo.Al 2 | F67: Mo.Aj 1 | H67: Mo. Aj 2 | J67: Mo.Po 1 | L67: Mo.Po 2
B68: Producto | D68: Producto | F68: Producto | H68: Producto | J68: Producto | L68: Producto
B69: Cantidad(kg) | D69: Cantidad(kg) | F69: Cantidad(kg) | H69: Cantidad(kg) | J69: Cantidad(kg) | L69: Cantidad(kg)
B70: Lote | D70: Lote | F70: Lote | H70: Lote | J70: Lote | L70: Lote
B71: Producto | D71: Producto | F71: Producto | H71: Producto | J71: Producto | L71: Producto
B72: Cantidad(kg) | D72: Cantidad(kg) | F72: Cantidad(kg) | H72: Cantidad(kg) | J72: Cantidad(kg) | L72: Cantidad(kg)
B73: Lote | D73: Lote | F73: Lote | H73: Lote | J73: Lote | L73: Lote
B74: Producto | D74: Producto | F74: Producto | H74: Producto | J74: Producto | L74: Producto
B75: Cantidad(kg) | D75: Cantidad(kg) | F75: Cantidad(kg) | H75: Cantidad(kg) | J75: Cantidad(kg) | L75: Cantidad(kg)
B76: Lote | D76: Lote | F76: Lote | H76: Lote | J76: Lote | L76: Lote
D79: Pipian
D80: PI1 | F80: PI2 | H80: PI3
D81: Producto | F81: Producto | H81: Producto
D82: Cantidad(kg) | F82: Cantidad(kg) | H82: Cantidad(kg)
D83: Lote | F83: Lote | H83: Lote
D84: Producto | F84: Producto | H84: Producto
D85: Cantidad(kg) | F85: Cantidad(kg) | H85: Cantidad(kg)
D86: Lote | F86: Lote | H86: Lote

Sheet BDPF
A1: Rack | B1: Nivel | C1: Espacio | D1: Lote | E1: Producto | F1: Cantidad (pz) | G1: Kilo por pieza | H1: Total Kilogramos | I1: Lote anexado | J1: Observaciones
A2: 1 | B2: A | C2: A-1 | D2: =PF!$D$5 -> 0 | E2: =PF!D3 -> Consome | F2: =PF!D4 -> 100 | H2: =F2*G2 -> 0
C3: A0 | D3: =PF!$F$5 | E3: =PF!F3 -> Consome | F3: =PF!F4 -> 80 | H3: =F3*G3 -> 0
C4: A1 | D4: =PF!$F$13 | E4: =PF!F7 -> Consome | F4: 100 | H4: =F4*G4 -> 0 | L4: Rack 3 | M4: Presentaciòn | N4: Lote | O4: Producto | P4: Cantidad (PZ) | Q4: Observaciones
C5: A2 | D5: =PF!$F$13 | E5: =PF!F11 -> Mo.Aj | F5: 100 | H5: =F5*G5 -> 0 | M5: 1KG | N5: =PF!$H$64 -> 0 | O5: =PF!$H$62 -> 0 | P5: =PF!$H$63 -> 0
C6: A3 | D6: =PF!$F$17 -> 0 | E6: =PF!F15 -> Mo.Aj | F6: 84 | H6: =F6*G6 -> 0 | M6: 2KG | N6: =PF!$F$64 -> 0 | O6: =PF!$F$62 -> 0 | P6: =PF!$F$63 -> 0
B7: B | C7: B0I | D7: =PF!$H$5 -> - | E7: =PF!H3 -> - | F7: =PF!H4 -> - | H7: =F7*G7 -> #VALUE! | M7: 3KG | N7: =PF!$D$64 -> 0 | O7: =PF!$D$62 -> 0 | P7: =PF!$D$63 -> 0
C8: B0D | D8: =PF!$J$5 -> - | E8: =PF!J3 -> - | F8: =PF!J4 -> - | H8: =F8*G8 -> #VALUE! | M8: 5KG | N8: =PF!$J$60 -> 0 | O8: =PF!$J$58 -> 0 | P8: =PF!$J$59 -> 0
C9: B1I | D9: =PF!$H$9 -> - | E9: =PF!H7 -> Consome | F9: =PF!H8 -> 100 | H9: =F9*G9 -> 0 | M9: 5KG(Premium) | N9: =PF!$J$64 -> 0 | O9: =PF!$J$62 -> 0 | P9: =PF!$J$63 -> 0
C10: B1D | D10: =PF!$J$9 -> - | E10: =PF!J7 -> Empaque | F10: =PF!J8 -> - | H10: =F10*G10 -> #VALUE! | M10: 6KG | N10: =PF!$L$60 -> 0 | O10: =PF!$L$58 -> 0 | P10: =PF!$L$59 -> 0
C11: B2I | D11: =PF!$H$13 -> 150425 | E11: =PF!H11 -> Mo.Aj | F11: =PF!H12 -> 100 | H11: =F11*G11 -> 0 | M11: 10KG | N11: =PF!$L$64 -> 0 | O11: =PF!$L$62 -> 0 | P11: =PF!$L$63 -> 0
C12: B2D | D12: =PF!$J$13 -> - | E12: =PF!J11 -> - | F12: =PF!J12 -> - | H12: =F12*G12 -> #VALUE!
C13: B3I | D13: =PF!$H$17 -> 150425 | E13: =PF!H15 -> Mo.Al | F13: =PF!H16 -> 81 | H13: =F13*G13 -> 0
C14: B3D | D14: =PF!$J$17 -> 010525 | E14: =PF!J15 -> Mo.Aj | F14: =PF!J16 -> 47 | H14: =F14*G14 -> 0 | L14: Moles a Granel | M14: Nivel | N14: Posición | O14: Lote | P14: Producto | Q14: Cantidad (Kg) | R14: Cantidad empaquetada(Kg) | S14: Total | T14: Observaciones
B15: C | C15: C0I | D15: =PF!$L$5 -> - | E15: =PF!L3 -> - | F15: =PF!L4 -> - | H15: =F15*G15 -> #VALUE! | M15: Mo.Al | N15: Mo.Al 1 | O15: =PF!C70 -> 0 | P15: =PF!C68 -> 0 | Q15: =PF!C69 -> 0 | S15: =Q15-R15 -> 0
C16: C0D | D16: =PF!$N$5 -> 010525 | E16: =PF!N3 -> Consome | F16: =PF!N4 -> 48 | H16: =F16*G16 -> 0 | O16: =PF!C73 -> 0 | P16: =PF!C71 -> 0 | Q16: =PF!C75 -> 0 | S16: =Q16-R16 -> 0
C17: C1I | D17: =PF!$L$9 -> - | E17: =PF!L7 -> Empaque | F17: =PF!L8 -> - | H17: =F17*G17 -> #VALUE! | O17: =PF!C76 -> 0 | P17: =PF!C74 -> 0 | Q17: =PF!C75 -> 0 | S17: =Q17-R17 -> 0
C18: C1D | D18: =PF!$N$9 -> - | E18: =PF!N7 -> Empaque | F18: =PF!N8 -> - | H18: =F18*G18 -> #VALUE! | N18: Mo.Al 2 | O18: =PF!E70 -> 0 | P18: =PF!E68 -> 0 | Q18: =PF!E69 -> 0 | S18: =Q18-R18 -> 0
C19: C2I | D19: =PF!$L$13 -> 1K05240109373 | E19: =PF!L11 -> C.M.P | F19: =PF!L12 -> 16 | H19: =F19*G19 -> 0 | O19: =PF!G73 -> 0 | P19: =PF!E71 -> 0 | Q19: =PF!E72 -> 0 | S19: =Q19-R19 -> 0
C20: C2D | D20: =PF!$N$13 -> 1K05240109373 | E20: =PF!N11 -> C.M.P | F20: =PF!N12 -> 52 | H20: =F20*G20 -> 0 | O20: =PF!E76 -> 0 | P20: =PF!E74 -> 0 | Q20: =PF!E75 -> 0 | S20: =Q20-R20 -> 0
C21: C3I | D21: =PF!$L$17 -> 150525 | E21: =PF!L15 -> Mo.Po | F21: =PF!L16 -> 27 | H21: =F21*G21 -> 0 | M21: Mo.Aj | N21: Mo.Aj 1 | O21: =PF!G70 -> 0 | P21: =PF!G68 -> 0 | Q21: =PF!G69 -> 0 | S21: =Q21-R21 -> 0
C22: C3D | D22: =PF!$N$17 -> 151124 | E22: =PF!N15 -> C.P.F | F22: =PF!N16 -> 71 | H22: =F22*G22 -> 0 | O22: =PF!G73 -> 0 | P22: =PF!G71 -> 0 | Q22: =PF!G72 -> 0 | S22: =Q22-R22 -> 0
B23: D | C23: D0 | D23: =PF!$P$5 | E23: =PF!P3 -> Consome | F23: =PF!P4 -> 100 | H23: =F23*G23 -> 0 | O23: =PF!G76 -> 0 | P23: =PF!G74 -> 0 | Q23: =PF!G75 -> 0 | S23: =Q23-R23 -> 0
C24: D1 | D24: =PF!$P$9 -> - | E24: =PF!P7 -> Empaque | F24: =PF!P8 -> - | H24: =F24*G24 -> #VALUE! | N24: Mo.Aj 2 | O24: =PF!I70 -> 0 | P24: =PF!I68 -> 0 | Q24: =PF!I69 -> 0 | S24: =Q24-R24 -> 0
C25: D2 | D25: =PF!$P$13 -> 1K05240109373 | E25: =PF!P11 -> C.M.P | F25: =PF!P12 -> 58 | H25: =F25*G25 -> 0 | O25: =PF!I73 -> 0 | P25: =PF!I71 -> 0 | Q25: =PF!I72 -> 0 | S25: =Q25-R25 -> 0
C26: D3 | D26: =PF!$P$17 -> - | E26: =PF!P15 -> Rajas | F26: =PF!P16 -> - | H26: =F26*G26 -> #VALUE! | O26: =PF!I76 -> 0 | P26: =PF!I74 -> 0 | Q26: =PF!I75 -> 0 | S26: =Q26-R26 -> 0
A27: 2 | B27: E | C27: E-1 | D27: =PF!$D$25 | E27: =PF!D23 -> Mo.Po | F27: =PF!D24 -> 27 | H27: =F27*G27 -> 0 | M27: Mo.Po | N27: Mo.Po 1 | O27: =PF!K70 -> 0 | P27: =PF!K68 -> 0 | Q27: =PF!K69 -> 0 | S27: =Q27-R27 -> 0
C28: E0 | D28: =PF!$F$25 | E28: =PF!F23 -> Mo.Po | F28: =PF!F24 -> 86 | H28: =F28*G28 -> 0 | O28: =PF!K73 -> 0 | P28: =PF!K71 -> 0 | Q28: =PF!K72 -> 0 | S28: =Q28-R28 -> 0
C29: E1 | D29: =PF!$F$29 -> 010625 | E29: =PF!F27 -> Consome | F29: =PF!F28 -> 100 | H29: =F29*G29 -> 0 | O29: =PF!K76 -> 0 | P29: =PF!K74 -> 0 | Q29: =PF!K75 -> 0 | S29: =Q29-R29 -> 0
C30: E2 | D30: =PF!$F$33 -> 150525 | E30: =PF!F31 -> Consome | F30: =PF!F32 -> 100 | H30: =F30*G30 -> 0 | N30: Mo.Po 2 | O30: =PF!M70 -> 0 | P30: =PF!M68 -> 0 | Q30: =PF!M69 -> 0 | S30: =Q30-R30 -> 0
C31: E3 | D31: =PF!$F$37 -> 150325 | E31: =PF!F35 -> Mo.Po | F31: =PF!F36 -> 100 | H31: =F31*G31 -> 0 | O31: =PF!M73 -> 0 | P31: =PF!M71 -> 0 | Q31: =PF!M72 -> 0 | S31: =Q31-R31 -> 0
C32: E4 | D32: =PF!$F$41 -> 010525 | E32: =PF!F39 -> Mo.Po | F32: =PF!F40 -> 48 | H32: =F32*G32 -> 0 | O32: =PF!M76 -> 0 | P32: =PF!M74 -> 0 | Q32: =PF!M75 -> 0 | S32: =Q32-R32 -> 0
C33: E5 | D33: =PF!$F$45 -> 01.05.25 15.04.25 | E33: =PF!F43 -> Mo.Po | F33: =PF!F44 -> 100 | H33: =F33*G33 -> 0
C34: E-5 | D34: =PF!$D$45 | E34: =PF!D43 -> Mo.Po | F34: =PF!D44 -> 113 | H34: =F34*G34 -> 0 | L34: Pipian | M34: Nivel | N34: Lote | O34: Producto | P34: Cantidad(Kg) | Q34: Cantidad empaquetada | R34: Total | S34: Observaciones
B35: F | C35: F0 | D35: =PF!$H$25 | E35: =PF!H23 -> Mo.Aj | F35: =PF!H24 -> 118 | H35: =F35*G35 -> 0 | M35: PI1 | N35: =PF!E83 -> 0 | O35: =PF!E81 -> 0 | P35: =PF!E82 -> 0 | R35: =P35-Q35 -> 0
C36: F1 | D36: =PF!$H$29 -> - | E36: =PF!H27 -> Consome | F36: =PF!H28 -> 100 | H36: =F36*G36 -> 0 | N36: =PF!E86 -> 0 | O36: =PF!E84 -> 0 | P36: =PF!E85 -> 0 | R36: =P36-Q36 -> 0
C37: F2 | D37: =PF!$H$33 -> 010625 | E37: =PF!H31 -> Consome | F37: =PF!H32 -> 100 | H37: =F37*G37 -> 0 | M37: PI2 | N37: =PF!G83 -> 0 | O37: =PF!G81 -> 0 | P37: =PF!G82 -> 0 | R37: =P37-Q37 -> 0
C38: F3 | D38: =PF!D37 -> 0 | E38: =PF!H35 -> Mo.Al | F38: =PF!H36 -> 107 | H38: =F38*G38 -> 0 | N38: =PF!G86 -> 0 | O38: =PF!G84 -> 0 | P38: =PF!G85 -> 0 | R38: =P38-Q38 -> 0
C39: F4 | D39: =PF!$H$41 -> 010525 | E39: =PF!H39 -> Mo.Al | F39: =PF!H40 -> 90 | H39: =F39*G39 -> 0 | M39: PI3 | N39: =PF!I83 -> 0 | O39: =PF!I81 -> 0 | P39: =PF!I82 -> 0 | R39: =P39-Q39 -> 0
C40: F5 | D40: =PF!$H$45 -> 150525 | E40: =PF!H43 -> Mo.Al | F40: =PF!H44 -> 81 | H40: =F40*G40 -> 0 | N40: =PF!I86 -> 0 | O40: =PF!I84 -> 0 | P40: =PF!I85 -> 0 | R40: =P40-Q40 -> 0
C41: F6 | D41: =PF!D49 -> 0 | E41: =PF!H47 -> Mo.Al | F41: 100 | H41: =F41*G41 -> 0
B42: G | C42: G0 | D42: =PF!$J$25 -> - | E42: =PF!J23 -> - | F42: =PF!J24 -> - | H42: =F42*G42 -> #VALUE!
C43: G1 | D43: =PF!$J$29 -> 150525 | E43: =PF!J27 -> Consome | F43: =PF!J28 -> 100 | H43: =F43*G43 -> 0
C44: G2 | D44: =PF!$J$33 -> 010625 | E44: =PF!J31 -> Consome | F44: =PF!J32 -> 100 | H44: =F44*G44 -> 0
C45: G3 | D45: =PF!$J$37 -> 1K05240109373 | E45: =PF!J35 -> C.M.P | F45: =PF!J36 -> 60 | H45: =F45*G45 -> 0
C46: G4 | D46: =PF!$J$41 -> 1K05240109373 | E46: =PF!J39 -> C.M.P | F46: =PF!J40 -> 60 | H46: =F46*G46 -> 0
C47: G5 | D47: =PF!$J$45 -> 1K05240109373 | E47: =PF!J43 -> C.M.P | F47: =PF!J44 -> 60 | H47: =F47*G47 -> 0
C48: G6 | D48: =PF!$J$49 -> 1K05240109373 | E48: =PF!J47 -> C.M.P | F48: =PF!J48 -> 60 | H48: =F48*G48 -> 0
B49: H | C49: H0 | D49: =PF!$L$25 | E49: =PF!L23 -> Mo.Po | F49: =PF!L24 -> 81 | H49: =F49*G49 -> 0
C50: H1 | D50: =PF!$L$29 -> 150225 | E50: =PF!L27 -> Consome | F50: =PF!L28 -> 100 | H50: =F50*G50 -> 0
C51: H2 | D51: =PF!$L$33 -> 150525 | E51: =PF!L31 -> Consome | F51: =PF!L32 -> 100 | H51: =F51*G51 -> 0
C52: H3 | D52: =PF!$L$37 -> - | E52: =PF!L35 -> Mo.Al | F52: =PF!L36 -> 78 | H52: =F52*G52 -> 0
B53: I | C53: I0I | D53: =PF!$N$25 | E53: =PF!N23 -> Mo.Aj | F53: =PF!N24 -> 37 | H53: =F53*G53 -> 0
C54: I0D | D54: =PF!$P$25 | E54: =PF!P23 -> Chipotle | F54: =PF!P24 -> 117 | H54: =F54*G54 -> 0
C55: I1I | D55: =PF!$N$29 -> 150525 | E55: =PF!N27 -> Consome | F55: =PF!N28 -> 100 | H55: =F55*G55 -> 0
C56: I1D | D56: =PF!$P$29 | E56: =PF!P27 -> Consome | F56: =PF!P28 -> 100 | H56: =F56*G56 -> 0
C57: I2I | D57: =PF!$N$33 -> 0 | E57: =PF!N31 -> Mo.Aj | F57: =PF!N32 -> 100 | H57: =F57*G57 -> 0
C58: I2D | D58: =PF!$P$33 | E58: =PF!P31 -> Mo.Po | F58: =PF!P32 -> 100 | H58: =F58*G58 -> 0
C59: I3I | D59: =PF!$N$37 | E59: =PF!N35 -> Mo.Al | F59: =PF!N36 -> 95 | H59: =F59*G59 -> 0
C60: I3D | D60: =PF!$P$37 -> 01.03.25 15.05.25 | E60: =PF!P35 -> Chipotle | F60: =PF!P36 -> 53 | H60: =F60*G60 -> 0

Sheet MEP
B2: Consome | E2: Lote | F2: Mole | I2: Lote
B3: PVH | F3: Mole
B4: Unidades(Pz) | F4: Unidades (pz)
B5: Materiales (kg) | F5: Materiales (kg)
B6: PVH | C6: 3 | D6: =C6*$D$4 -> 0 | F6: Anis | G6: 1.2 | H6: =G6*$D$50 -> 0
B7: Maltodextrina | C7: 4 | D7: =C7*$D$4 -> 0 | F7: Canela | G7: 0.5 | H7: =G7*$D$50 -> 0
B8: Ajo Molido | C8: 0.4 | D8: =C8*$D$4 -> 0 | F8: Clavo | G8: 0.2 | H8: =G8*$D$50 -> 0
B9: Cebolla Molida | C9: 0.4 | D9: =C9*$D$4 -> 0 | F9: Chocolate | G9: 3 | H9: =G9*$D$50 -> 0
B10: Glutamato | C10: 2 | D10: =C10*$D$4 -> 0
B11: Curcuma y laca
B12: Unidades (pz)
B13: Materiales (kg)
B14: Curcuma | C14: 0.4 | D14: =C14*$K$41 -> 0
B15: Laca | C15: 0.08 | D15: =C15*$K$41 -> 0
B16: Fecula de Almidòn
B17: Unidades(pz)
B18: Materiales (kg)
B19: Almidon | C19: 14 | D19: =C19*$L$41 -> 0
B20: Perejil | C20: 0.2 | D20: =C20*$L$41 -> 0

Sheet MP
E2: Materia Prima Planta Baja
E3: J | G3: K | I3: L | K3: M | M3: N | O3: O | Q3: P
G4: K-1 | I4: L-1
G5: Materia | H5: Sal | I5: Materia | J5: Cacahuate
G6: Cantidad (pz) | H6: 45 | I6: Cantidad (pz) | J6: 16
G7: Lote | H7: - | I7: Lote | J7: -
G8: Materia | I8: Materia
G9: Cantidad (pz) | I9: Cantidad (pz)
G10: Lote 2 | I10: Lote 2
G11: K0 | I11: L0 | O11: O0 | Q11: P0
G12: Materia | H12: Sal | I12: Materia | J12: Chocolate | O12: Materia | P12: Aceite | Q12: Materia | R12: Aceite
G13: Cantidad (pz) | H13: 45 | I13: Cantidad (pz) | J13: 35 | O13: Cantidad (pz) | P13: 100 | Q13: Cantidad (pz) | R13: 100
G14: Lote | H14: - | I14: Lote | J14: - | O14: Lote | P14: - | Q14: Lote | R14: -
G15: Materia | I15: Materia | O15: Materia | Q15: Materia
G16: Cantidad (pz) | I16: Cantidad (pz) | O16: Cantidad (pz) | Q16: Cantidad (pz)
G17: Lote 2 | I17: Lote 2 | O17: Lote 2 | Q17: Lote 2
E18: J1 | G18: K1 | I18: L1 | K18: M1 | M18: N1 | O18: O1 | Q18: P1
E19: Materia | F19: Ajonjoli B | G19: Materia | H19: Ajonjoli N | I19: Materia | J19: Ajonjoli N | K19: Materia | L19: ANIS | M19: Materia | N19: Canela | O19: Materia | P19: Platano | Q19: Materia | R19: Platano
E20: Cantidad (pz) | F20: 15 | G20: Cantidad (pz) | H20: 55 | I20: Cantidad (pz) | J20: 55 | K20: Cantidad (pz) | L20: 63.4 | M20: Cantidad (pz) | N20: 137.6 | O20: Cantidad (pz) | P20: 28 | Q20: Cantidad (pz) | R20: 35
E21: Lote 1 | F21: - | G21: Lote | H21: - | I21: Lote | J21: - | K21: Lote | L21: - | M21: Lote | N21: - | O21: Lote | P21: - | Q21: Lote | R21: -
E22: Materia | G22: Materia | I22: Materia | K22: Materia | M22: Materia | O22: Materia | Q22: Materia
E23: Cantidad (pz) | G23: Cantidad (pz) | I23: Cantidad (pz) | K23: Cantidad (pz) | M23: Cantidad (pz) | O23: Cantidad (pz) | Q23: Cantidad (pz)
E24: Lote 2 | G24: Lote 2 | I24: Lote 2 | K24: Lote 2 | M24: Lote 2 | O24: Lote 2 | Q24: Lote 2
E25: J2 | G25: K2 | I25: L2 | K25: M2 | O25: O2 | Q25: P2
E26: Materia | F26: Cacahuate | G26: Materia | H26: Cacahuate | I26: Materia | J26: Cacahuate | K26: Materia | L26: Galleta | O26: Materia | P26: Varios | Q26: Materia | R26: Varios
E27: Cantidad (pz) | F27: 30 | G27: Cantidad (pz) | H27: 35 | I27: Cantidad (pz) | J27: 11 | K27: Cantidad (pz) | L27: 23 | O27: Cantidad (pz) | Q27: Cantidad (pz)
E28: Lote | F28: - | G28: Lote | H28: - | I28: Lote | J28: - | K28: Lote | L28: - | O28: Lote | P28: - | Q28: Lote | R28: -
E29: Materia | G29: Materia | I29: Materia | K29: Materia | O29: Materia | Q29: Materia
E30: Cantidad (pz) | G30: Cantidad (pz) | I30: Cantidad (pz) | K30: Cantidad (pz) | O30: Cantidad (pz) | Q30: Cantidad (pz)
E31: Lote 2 | G31: Lote 2 | I31: Lote 2 | K31: Lote 2 | O31: Lote 2 | Q31: Lote 2
E32: J3 | G32: K3 | I32: L3 | K32: M3 | O32: O3 | Q32: P3
E33: Materia | F33: Aceite | G33: Materia | H33: - | I33: Materia | J33: - | K33: Materia | L33: - | O33: Materia | P33: Azucar | Q33: Materia | R33: Azucar
E34: Cantidad (pz) | F34: 48 | G34: Cantidad (pz) | H34: - | I34: Cantidad (pz) | J34: - | K34: Cantidad (pz) | L34: - | O34: Cantidad (pz) | P34: 62 | Q34: Cantidad (pz) | R34: 62
E35: Lote | F35: - | G35: Lote | H35: - | I35: Lote | J35: - | K35: Lote | L35: - | O35: Lote | P35: - | Q35: Lote | R35: -
E36: Materia | G36: Materia | I36: Materia | K36: Materia | O36: Materia | Q36: Materia
E37: Cantidad (pz) | G37: Cantidad (pz) | I37: Cantidad (pz) | K37: Cantidad (pz) | O37: Cantidad (pz) | Q37: Cantidad (pz)
E38: Lote 2 | G38: Lote 2 | I38: Lote 2 | K38: Lote 2 | O38: Lote 2 | Q38: Lote 2
E39: J4 | G39: K4 | I39: L4 | K39: M4 | O39: O4 | Q39: P4
E40: Materia | F40: Aceite | G40: Materia | H40: - | I40: Materia | J40: - | K40: Materia | L40: - | O40: Materia | P40: Aceite | Q40: Materia | R40: Aceite
E41: Cantidad (pz) | F41: 50 | G41: Cantidad (pz) | H41: - | I41: Cantidad (pz) | J41: - | K41: Cantidad (pz) | L41: - | O41: Cantidad (pz) | P41: 48 | Q41: Cantidad (pz) | R41: 48
E42: Lote | F42: - | G42: Lote | H42: - | I42: Lote | J42: - | K42: Lote | L42: - | O42: Lote | P42: - | Q42: Lote | R42: -
E43: Materia | G43: Materia | I43: Materia | K43: Materia | O43: Materia | Q43: Materia
E44: Cantidad (pz) | G44: Cantidad (pz) | I44: Cantidad (pz) | K44: Cantidad (pz) | O44: Cantidad (pz) | Q44: Cantidad (pz)
E45: Lote 2 | G45: Lote 2 | I45: Lote 2 | K45: Lote 2 | O45: Lote 2 | Q45: Lote 2
E48: Almacen Materia Prima Planta Alta
E49: Q | G49: R | I49: S | K49: T | M49: U | O49: V | Q49: W
E50: Q1 | G50: R1 | I50: S1 | K50: T1 | M50: U1 | O50: V1 | Q50: W1
E51: Materia | G51: Materia | H51: Chile pasilla | I51: Materia | J51: Chile pasilla | K51: Materia | L51: Chipotle | M51: Materia | N51: Chipotle | O51: Materia | P51: Platano | Q51: Materia | R51: Platano
E52: Cantidad (pz) | G52: Cantidad (pz) | H52: 13.5 | I52: Cantidad (pz) | J52: 29 | K52: Cantidad (pz) | L52: 830 | M52: Cantidad (pz) | N52: 830 | O52: Cantidad (pz) | P52: 25 | Q52: Cantidad (pz) | R52: 25
E53: Lote | F53: - | G53: Lote | H53: - | I53: Lote | J53: - | K53: Lote | L53: - | M53: Lote | N53: - | O53: Lote | P53: - | Q53: Lote | R53: -
E54: Materia | G54: Materia | I54: Materia | K54: Materia | M54: Materia | O54: Materia | Q54: Materia
E55: Cantidad (pz) | G55: Cantidad (pz) | I55: Cantidad (pz) | K55: Cantidad (pz) | M55: Cantidad (pz) | O55: Cantidad (pz) | Q55: Cantidad (pz)
E56: Lote 2 | G56: Lote 2 | I56: Lote 2 | K56: Lote 2 | M56: Lote 2 | O56: Lote 2 | Q56: Lote 2
M57: U2 | O57: V2 | Q57: W2
M58: Materia | N58: Chipotle | O58: Materia | P58: Chipotle | Q58: Materia | R58: Platano
M59: Cantidad (pz) | N59: =2500-L52-N52 -> 840 | O59: Cantidad (pz) | P59: 17 | Q59: Cantidad (pz) | R59: 60
M60: Lote | N60: - | O60: Lote | P60: - | Q60: Lote | R60: -
M61: Materia | O61: Materia | Q61: Materia
M62: Cantidad (pz) | O62: Cantidad (pz) | Q62: Cantidad (pz)
M63: Lote 2 | O63: Lote 2 | Q63: Lote 2
G64: R2 | O64: V3 | Q64: W3
G65: Materia | H65: Chile pasilla | O65: Materia | P65: Chipotle Curcuma | Q65: Materia | R65: Pepita
G66: Cantidad (pz) | H66: 50 | O66: Cantidad (pz) | P66: =3000-L52-N52-N59-P59 -> 483 | Q66: Cantidad (pz) | R66: 55
G67: Lote | H67: - | O67: Lote | P67: - | Q67: Lote | R67: -
G68: Materia | O68: Materia | Q68: Materia
G69: Cantidad (pz) | O69: Cantidad (pz) | Q69: Cantidad (pz)
G70: Lote 2 | O70: Lote 2 | Q70: Lote 2
G71: R3 | I71: S2 | O71: V4 | Q71: W4
G72: Materia | H72: Chile pasilla | I72: Materia | J72: Chile pasilla | O72: Materia | P72: maseca | Q72: Materia | R72: -
G73: Cantidad (pz) | H73: 50 | I73: Cantidad (pz) | J73: 28 | O73: Cantidad (pz) | P73: 200 | Q73: Cantidad (pz) | R73: -
G74: Lote | H74: - | I74: Lote | J74: - | O74: Lote | P74: - | Q74: Lote | R74: -
G75: Materia | I75: Materia | O75: Materia | Q75: Materia
G76: Cantidad (pz) | I76: Cantidad (pz) | O76: Cantidad (pz) | Q76: Cantidad (pz)
G77: Lote 2 | I77: Lote 2 | O77: Lote 2 | Q77: Lote 2
E81: Almacen en proceso 1 | N81: Almacen en proceso 2
E82: AA | G82: BB | I82: CC | K82: DD | N82: EE | P82: FF | R82: GG | T82: HH
E83: AA1 | G83: BB1 | I83: CC1 | K83: DD1 | N83: EE1 | P83: FF1 | R83: GG1 | T83: HH1
E84: Materia | G84: Materia | I84: Materia | K84: Materia | N84: Materia | P84: Materia | R84: Materia | T84: Materia
E85: Cantidad(pz) | G85: Cantidad(pz) | I85: Cantidad(pz) | K85: Cantidad(pz) | N85: Cantidad(pz) | P85: Cantidad(pz) | R85: Cantidad(pz) | T85: Cantidad(pz)
E86: Cantidad(kg) | G86: Cantidad(kg) | I86: Cantidad(kg) | K86: Cantidad(kg) | N86: Cantidad(kg) | P86: Cantidad(kg) | R86: Cantidad(kg) | T86: Cantidad(kg)
E87: Lote | G87: Lote | I87: Lote | K87: Lote | N87: Lote | P87: Lote | R87: Lote | T87: Lote
E88: Materia | G88: Materia | I88: Materia | K88: Materia | N88: Materia | P88: Materia | R88: Materia | T88: Materia
E89: Cantidad(pz) | G89: Cantidad(pz) | I89: Cantidad(pz) | K89: Cantidad(pz) | N89: Cantidad(pz) | P89: Cantidad(pz) | R89: Cantidad(pz) | T89: Cantidad(pz)
E90: Cantidad(kg) | G90: Cantidad(kg) | I90: Cantidad(kg) | K90: Cantidad(kg) | N90: Cantidad(kg) | P90: Cantidad(kg) | R90: Cantidad(kg) | T90: Cantidad(kg)
E91: Lote 2 | G91: Lote 2 | I91: Lote 2 | K91: Lote 2 | N91: Lote 2 | P91: Lote 2 | R91: Lote 2 | T91: Lote 2
E92: AA2 | G92: BB2 | I92: CC2 | K92: DD2 | N92: EE2 | P92: FF2 | R92: GG2 | T92: HH2
E93: Materia | G93: Materia | I93: Materia | K93: Materia | N93: Materia | P93: Materia | R93: Materia | T93: Materia
... E109: Lote 2 | G109: Lote 2 | I109: Lote 2 | K109: Lote 2 | N109: Lote 2 | P109: Lote 2 | R109: Lote 2 | T109: Lote 2
E111: Almacen en proceso 3
E112: II | G112: JJ | I112: KK | K112: LL
E113: II1 | G113: JJ1 | I113: KK1 | K113: LL1
E114: Materia | G114: Materia | I114: Materia | K114: Materia
E115: Cantidad(pz) | G115: Cantidad(pz) | I115: Cantidad(pz) | K115: Cantidad(pz)
E116: Cantidad(kg) | G116: Cantidad(kg) | I116: Cantidad(kg) | K116: Cantidad(kg)
E117: Lote | G117: Lote | I117: Lote | K117: Lote
E118: Materia | G118: Materia | I118: Materia | K118: Materia
E119: Cantidad(pz) | G119: Cantidad(pz) | I119: Cantidad(pz) | K119: Cantidad(pz)
E120: Cantidad(kg) | G120: Cantidad(kg) | I120: Cantidad(kg) | K120: Cantidad(kg)
E121: Lote 2 | G121: Lote 2 | I121: Lote 2 | K121: Lote 2
E122: II2 | G122: JJ2 | I122: KK2 | K122: LL2
...

Sheet BDMP
A1: Almacen | B1: Nivel | C1: Espacio | D1: Lote | E1: Materia | F1: Cantidad (pz) | G1: Peso por pieza | H1: Cantidad Ocupada | I1: Cantidad Actualizada | J1: Total Cantidad | K1: Bultos | L1: Observaciones
A2: PLANTA BAJA | B2: J | C2: J1 | D2: =MP!B21 -> 0 | E2: =MP!F19 -> Ajonjoli B | F2: =MP!F20 -> 15 | G2: 25 | H2: =Hoja2!W3 -> 0 | I2: =(E2*F2)-H2 -> #VALUE! | J2: =I2+I3 -> #VALUE! | K2: =J2/F2 -> #VALUE!
D3: =MP!B24 -> 0 | E3: =MP!F22 -> 0 | F3: =MP!F23 -> 0 | G3: 25 | H3: 200 | I3: =(F3*G3)-H3 -> -200
C4: J2 | E4: =MP!F26 -> Cacahuate | F4: =MP!F27 -> 30 | G4: 2 | I4: =(E4*F4)-H4 -> #VALUE! | J4: =I4+I5 -> #VALUE! | K4: =J4/F5 -> #VALUE!
D5: =MP!B31 -> 0 | E5: =MP!F29 -> 0 | F5: =MP!F30 -> 0 | G5: 12 | I5: =(E5*F5)-H5 -> 0
C6: J3 | D6: =MP!B35 -> 0 | E6: =MP!F33 -> Aceite | F6: =MP!F34 -> 48 | I6: =(E6*F6)-H6 -> #VALUE! | J6: =I6+I8 -> #VALUE!
D7: =MP!B38 -> 0 | E7: =MP!F36 -> 0 | F7: =MP!F37 -> 0 | I7: =(E7*F7)-H7 -> 0
C8: J4 | D8: =MP!B42 -> 0 | E8: =MP!F40 -> Aceite | F8: =MP!F41 -> 50 | I8: =(E8*F8)-H8 -> #VALUE! | J8: =I8+I9 -> #VALUE! | K8: =J8/F8 -> #VALUE! | O8: x
D9: =MP!B45 -> 0 | E9: =MP!F43 -> 0 | I9: =(E9*F9)-H9 -> 0
B10: K | C10: K-1 | D10: =MP!D7 -> 0 | E10: =MP!H5 -> Sal | F10: =MP!H6 -> 45 | I10: =(E10*F10)-H10 -> #VALUE! | J10: =I10+I11 -> #VALUE! | K10: =J10/F10 -> #VALUE!
D11: =MP!D10 -> 0 | E11: =MP!H8 -> 0 | F11: =MP!H9 -> 0 | I11: =(E11*F11)-H11 -> 0
C12: K0 | D12: =MP!D14 -> 0 | E12: =MP!H12 -> Sal | F12: =MP!H13 -> 45 | I12: =(E12*F12)-H12 -> #VALUE! | J12: =I12+I13 -> #VALUE! | K12: =J12/F12 -> #VALUE!
D13: =MP!D17 -> 0 | E13: =MP!H15 -> 0 | F13: =MP!H16 -> 0 | I13: =(E13*F13)-H13 -> 0
C14: K1 | D14: =MP!D21 -> 0 | E14: =MP!H19 -> Ajonjoli N | F14: =MP!H20 -> 55 | I14: =(E14*F14)-H14 -> #VALUE! | J14: =I14+I15 -> #VALUE! | K14: =J14/F14 -> #VALUE!
D15: =MP!D24 -> 0 | E15: =MP!H22 -> 0 | F15: =MP!H23 -> 0 | I15: =(E15*F15)-H15 -> 0
C16: K2 | D16: =MP!D28 -> 0 | E16: =MP!H26 -> Cacahuate | F16: =MP!H27 -> 35 | I16: =(E16*F16)-H16 -> #VALUE! | J16: =I16+I17 -> #VALUE! | K16: =J16/F16 -> #VALUE!
D17: =MP!D31 -> 0 | E17: =MP!H29 -> 0 | F17: =MP!H30 -> 0 | I17: =(E17*F17)-H17 -> 0
C18: K3 | D18: =MP!D35 -> 0 | E18: =MP!H33 -> - | F18: =MP!H34 -> - | I18: =(E18*F18)-H18 -> #VALUE! | J18: =I18+I19 -> #VALUE! | K18: =J18/F18 -> #VALUE!
D19: =MP!D38 -> 0 | E19: =MP!H36 -> 0 | F19: =MP!H37 -> 0
C20: K4 | D20: =MP!D42 -> 0 | E20: =MP!H40 -> - | F20: =MP!H41 -> - | I20: =(E20*F20)-H20 -> #VALUE! | J20: =I20+I21 -> #VALUE! | K20: =J20/F20 -> #VALUE!
D21: =MP!D45 -> 0 | E21: =MP!H43 -> 0 | F21: =MP!H44 -> 0 | I21: =(E21*F21)-H21 -> 0
B22: L | C22: L-1 | D22: =MP!F7 -> 0 | E22: =MP!J5 -> Cacahuate | F22: =MP!J6 -> 16 | I22: =(E22*F22)-H22 -> #VALUE! | J22: =I22+I23 -> #VALUE! | K22: =J22/F22 -> #VALUE!
D23: =MP!F10 -> 0 | E23: =MP!J8 -> 0 | F23: =MP!J9 -> 0 | I23: =(E23*F23)-H23 -> 0
C24: L0 | D24: =MP!F14 -> 0 | E24: Cacahuate | F24: 12 | I24: =(E24*F24)-H24 -> #VALUE! | J24: =I24+I25 -> #VALUE! | K24: =J24/F24 -> #VALUE!
D25: =MP!F17 -> 0 | E25: =MP!J15 -> 0 | F25: =MP!J16 -> 0 | I25: =(E25*F25)-H25 -> 0
C26: L1 | D26: =MP!F21 -> - | E26: =MP!J19 -> Ajonjoli N | F26: =MP!J20 -> 55 | I26: =(E26*F26)-H26 -> #VALUE! | J26: =I26+I27 -> #VALUE! | K26: =J26/F26 -> #VALUE!
D27: =MP!F24 -> 0 | E27: =MP!J22 -> 0 | F27: =MP!J23 -> 0 | I27: =(E27*F27)-H27 -> 0
C28: L2 | D28: =MP!F28 -> - | E28: =MP!J26 -> Cacahuate | F28: =MP!J27 -> 11 | I28: =(E28*F28)-H28 -> #VALUE! | J28: =I28+I29 -> #VALUE! | K28: =J28/F28 -> #VALUE!
D29: =MP!F31 -> 0 | E29: =MP!J29 -> 0 | F29: =MP!J30 -> 0 | I29: =(E29*F29)-H29 -> 0
C30: L3 | D30: 155234 | E30: Ajonjoli | F30: 34 | G30: 10 | H30: =Hoja2!#REF! -> #REF! | I30: =(E30*F30)-H30 -> #VALUE! | J30: =I30+I31 -> #VALUE! | K30: =J30/F30 -> #VALUE!
D31: =MP!F38 -> 0 | E31: =MP!J36 -> 0 | F31: =MP!J37 -> 0 | I31: =(E31*F31)-H31 -> 0
C32: L4 | D32: =MP!F42 -> - | E32: =MP!J40 -> - | F32: =MP!J41 -> - | I32: =(E32*F32)-H32 -> #VALUE! | J32: =I32+I33 -> #VALUE! | K32: =J32/F32 -> #VALUE!
D33: =MP!F45 -> 0 | E33: =MP!J43 -> 0 | F33: =MP!J44 -> 0 | I33: =(E33*F33)-H33 -> 0
B34: M | C34: M1 | D34: =MP!H21 -> - | E34: =MP!L19 -> ANIS | F34: =MP!L20 -> 63.4 | I34: =(E34*F34)-H34 -> #VALUE! | J34: =I34+I35 -> #VALUE! | K34: =J34/F34 -> #VALUE!
D35: =MP!H24 -> 0 | E35: =MP!L22 -> 0 | F35: =MP!L23 -> 0 | I35: =(E35*F35)-H35 -> 0
C36: M2 | D36: =MP!H28 -> - | E36: =MP!L26 -> Galleta | F36: =MP!L27 -> 23 | I36: =(E36*F36)-H36 -> #VALUE! | J36: =I36+I37 -> #VALUE! | K36: =J36/F36 -> #VALUE!
D37: =MP!H31 -> 0 | E37: =MP!L29 -> 0 | F37: =MP!L30 -> 0 | I37: =(E37*F37)-H37 -> 0
C38: M3 | D38: =MP!H35 -> - | E38: =MP!L33 -> - | F38: =MP!L34 -> - | I38: =(E38*F38)-H38 -> #VALUE! | J38: =I38+I39 -> #VALUE! | K38: =J38/F38 -> #VALUE!
D39: =MP!H38 -> 0 | E39: =MP!L36 -> 0 | F39: =MP!L37 -> 0 | I39: =(E39*F39)-H39 -> 0
C40: M4 | D40: =MP!H42 -> - | E40: =MP!L40 -> - | F40: =MP!L41 -> - | I40: =(E40*F40)-H40 -> #VALUE! | J40: =I40+I41 -> #VALUE! | K40: =J40/F40 -> #VALUE!
D41: =MP!H45 -> 0 | E41: =MP!L43 -> 0 | F41: =MP!L44 -> 0 | I41: =(E41*F41)-H41 -> 0
B42: N | C42: N1 | D42: =MP!J21 -> - | E42: =MP!N19 -> Canela | F42: =MP!N20 -> 137.6 | I42: =(E42*F42)-H42 -> #VALUE! | J42: =I42+I43 -> #VALUE! | K42: =J42/F42 -> #VALUE!
D43: =MP!J24 -> 0 | E43: =MP!N22 -> 0 | F43: =MP!N23 -> 0 | I43: =(E43*F43)-H43 -> 0
B44: O | C44: O0 | D44: =MP!L14 -> 0 | E44: =MP!P12 -> Aceite | F44: =MP!P13 -> 100 | I44: =(E44*F44)-H44 -> #VALUE! | J44: =I44+I45 -> #VALUE! | K44: =J44/F44 -> #VALUE!
D45: =MP!L17 -> 0 | E45: =MP!P15 -> 0 | F45: =MP!P16 -> 0 | I45: =(E45*F45)-H45 -> 0
C46: O1 | D46: =MP!L21 -> - | E46: =MP!P19 -> Platano | F46: =MP!P20 -> 28 | I46: =(E46*F46)-H46 -> #VALUE! | J46: =I46+I47 -> #VALUE! | K46: =J46/F46 -> #VALUE!
D47: =MP!L24 -> 0 | E47: =MP!P22 -> 0 | F47: =MP!P23 -> 0 | I47: =(E47*F47)-H47 -> 0
C48: O2 | D48: =MP!L28 -> - | E48: =MP!P26 -> Varios | F48: =MP!P27 -> 0 | I48: =(E48*F48)-H48 -> #VALUE! | J48: =I48+I49 -> #VALUE! | K48: =J48/F48 -> #VALUE!
D49: =MP!L31 -> 0 | E49: =MP!P29 -> 0 | F49: =MP!P30 -> 0 | I49: =(E49*F49)-H49 -> 0
C50: O3 | D50: =MP!L35 -> - | E50: =MP!P33 -> Azucar | F50: =MP!P34 -> 62 | I50: =(E50*F50)-H50 -> #VALUE! | J50: =I50+I51 -> #VALUE! | K50: =J50/F50 -> #VALUE!
D51: =MP!L38 -> 0 | E51: =MP!P36 -> 0 | F51: =MP!P37 -> 0 | I51: =(E51*F51)-H51 -> 0
C52: O4 | D52: =MP!L42 -> - | E52: =MP!P40 -> Aceite | F52: =MP!P41 -> 48 | I52: =(E52*F52)-H52 -> #VALUE! | J52: =I52+I53 -> #VALUE! | K52: =J52/F52 -> #VALUE!
D53: =MP!L45 -> 0 | E53: =MP!P43 -> 0 | F53: =MP!P44 -> 0 | I53: =(E53*F53)-H53 -> 0
B54: P | C54: P0 | D54: =MP!N14 -> 0 | E54: =MP!R12 -> Aceite | F54: =MP!R13 -> 100 | I54: =(E54*F54)-H54 -> #VALUE! | J54: =I54+I55 -> #VALUE! | K54: =J54/F54 -> #VALUE!
D55: =MP!N17 -> 0 | E55: =MP!R15 -> 0 | F55: =MP!R16 -> 0 | I55: =(E55*F55)-H55 -> 0
C56: P1 | D56: =MP!N21 -> - | E56: =MP!R19 -> Platano | F56: =MP!R20 -> 35 | I56: =(E56*F56)-H56 -> #VALUE! | J56: =I56+I57 -> #VALUE! | K56: =J56/F56 -> #VALUE!
D57: =MP!N24 -> 0 | E57: =MP!R22 -> 0 | F57: =MP!R23 -> 0 | I57: =(E57*F57)-H57 -> 0
C58: P2 | D58: =MP!N28 -> 0 | E58: =MP!R26 -> Varios | F58: =MP!R27 -> 0 | I58: =(E58*F58)-H58 -> #VALUE! | J58: =I58+I59 -> #VALUE! | K58: =J58/F58 -> #VALUE!
D59: =MP!N31 -> 0 | E59: =MP!R29 -> 0 | F59: =MP!R30 -> 0 | I59: =(E59*F59)-H59 -> 0
C60: P3 | D60: =MP!N35 -> 0 | E60: =MP!R33 -> Azucar | F60: =MP!R34 -> 62 | I60: =(E60*F60)-H60 -> #VALUE! | J60: =I60+I61 -> #VALUE! | K60: =J60/F60 -> #VALUE!
D61: =MP!N38 -> 0 | E61: =MP!R36 -> 0 | F61: =MP!R37 -> 0 | I61: =(E61*F61)-H61 -> 0
C62: P4 | D62: =MP!N42 -> 0 | E62: =MP!R40 -> Aceite | F62: =MP!R41 -> 48 | I62: =(E62*F62)-H62 -> #VALUE! | J62: =I62+I63 -> #VALUE! | K62: =J62/F62 -> #VALUE!
D63: =MP!N45 -> 0 | E63: =MP!R43 -> 0 | F63: =MP!R44 -> 0 | I63: =(E63*F63)-H63 -> 0
A64: PLANTA ALTA | B64: Q | C64: Q1 | D64: =MP!B53 -> 0 | E64: =MP!F51 -> 0 | F64: =MP!F52 -> 0 | I64: =(E64*F64)-H64 -> 0 | J64: =I64+I65 -> 0 | K64: =J64/F64 -> #DIV/0!
D65: =MP!B56 -> 0 | E65: =MP!F54 -> 0 | F65: =MP!F55 -> 0 | I65: =(E65*F65)-H65 -> 0
B66: R | C66: R1 | D66: =MP!D53 -> 0 | E66: =MP!H51 -> Chile pasilla | F66: =MP!H52 -> 13.5 | I66: =(E66*F66)-H66 -> #VALUE! | J66: =I66+I67 -> #VALUE! | K66: =J66/F66 -> #VALUE!
D67: =MP!D56 -> 0 | E67: =MP!H54 -> 0 | F67: =MP!H55 -> 0 | I67: =(E67*F67)-H67 -> 0
C68: R2 | D68: =MP!D67 -> 0 | E68: =MP!H65 -> Chile pasilla | F68: =MP!H66 -> 50 | I68: =(E68*F68)-H68 -> #VALUE! | J68: =I68+I69 -> #VALUE! | K68: =J68/F68 -> #VALUE!
D69: =MP!D70 -> 0 | E69: =MP!H68 -> 0 | F69: =MP!H69 -> 0 | I69: =(E69*F69)-H69 -> 0
C70: R3 | D70: =MP!D74 -> 0 | E70: =MP!H72 -> Chile pasilla | F70: =MP!H73 -> 50 | I70: =(E70*F70)-H70 -> #VALUE! | J70: =I70+I71 -> #VALUE! | K70: =J70/F70 -> #VALUE!
D71: =MP!D77 -> 0 | E71: =MP!H75 -> 0 | F71: =MP!H76 -> 0 | I71: =(E71*F71)-H71 -> 0
B72: S | C72: S1 | D72: =MP!F53 -> - | E72: =MP!J51 -> Chile pasilla | F72: =MP!J52 -> 29 | I72: =(E72*F72)-H72 -> #VALUE! | J72: =I72+I73 -> #VALUE! | K72: =J72/F72 -> #VALUE!
D73: =MP!F56 -> 0 | E73: =MP!J54 -> 0 | F73: =MP!J55 -> 0 | I73: =(E73*F73)-H73 -> 0
C74: S2 | D74: =MP!F74 -> 0 | E74: =MP!J72 -> Chile pasilla | F74: =MP!J73 -> 28 | I74: =(E74*F74)-H74 -> #VALUE! | J74: =I74+I75 -> #VALUE! | K74: =J74/F74 -> #VALUE!
D75: =MP!F77 -> 0 | E75: =MP!J75 -> 0 | F75: =MP!J76 -> 0 | I75: =(E75*F75)-H75 -> 0
B76: T | C76: T1 | D76: =MP!H53 -> - | E76: =MP!L51 -> Chipotle | F76: =MP!L52 -> 830 | I76: =(E76*F76)-H76 -> #VALUE! | J76: =I76+I77 -> #VALUE! | K76: =J76/F76 -> #VALUE!
D77: =MP!H56 -> 0 | E77: =MP!L54 -> 0 | F77: =MP!L55 -> 0 | I77: =(E77*F77)-H77 -> 0
B78: U | C78: U1 | D78: =MP!J53 -> - | E78: =MP!N51 -> Chipotle | F78: =MP!N52 -> 830 | I78: =(E78*F78)-H78 -> #VALUE! | J78: =I78+I79 -> #VALUE! | K78: =J78/F78 -> #VALUE!
D79: =MP!J56 -> 0 | E79: =MP!N54 -> 0 | F79: =MP!N55 -> 0 | I79: =(E79*F79)-H79 -> 0
C80: U2 | D80: =MP!J60 -> 0 | E80: =MP!N58 -> Chipotle | F80: =MP!N59 -> 840 | I80: =(E80*F80)-H80 -> #VALUE! | J80: =I80+I81 -> #VALUE! | K80: =J80/F80 -> #VALUE!
D81: =MP!J63 -> 0 | E81: =MP!N61 -> 0 | F81: =MP!N62 -> 0 | I81: =(E81*F81)-H81 -> 0
B82: V | C82: V1 | D82: =MP!L53 -> - | E82: =MP!P51 -> Platano | F82: =MP!P52 -> 25 | I82: =(E82*F82)-H82 -> #VALUE! | J82: =I82+I83 -> #VALUE! | K82: =J82/F82 -> #VALUE!
D83: =MP!L56 -> 0 | E83: =MP!P54 -> 0 | F83: =MP!P55 -> 0 | I83: =(E83*F83)-H83 -> 0
C84: V2 | D84: =MP!L60 -> 0 | E84: =MP!P58 -> Chipotle | F84: =MP!P59 -> 17 | I84: =(E84*F84)-H84 -> #VALUE! | J84: =I84+I85 -> #VALUE! | K84: =J84/F84 -> #VALUE!
D85: =MP!L63 -> 0 | E85: =MP!P61 -> 0 | F85: =MP!P62 -> 0 | I85: =(E85*F85)-H85 -> 0
C86: V3 | D86: =MP!L67 -> 0 | E86: =MP!P65 -> Chipotle Curcuma | F86: =MP!P66 -> 483 | I86: =(E86*F86)-H86 -> #VALUE! | J86: =I86+I87 -> #VALUE! | K86: =J86/F86 -> #VALUE!
D87: =MP!L70 -> 0 | E87: =MP!P68 -> 0 | F87: =MP!P69 -> 0 | I87: =(E87*F87)-H87 -> 0
C88: V4 | D88: =MP!L74 -> 0 | E88: =MP!P72 -> maseca | F88: =MP!P73 -> 200 | I88: =(E88*F88)-H88 -> #VALUE! | J88: =I88+I89 -> #VALUE! | K88: =J88/F88 -> #VALUE!
D89: =MP!L77 -> 0 | E89: =MP!P75 -> 0 | F89: =MP!P76 -> 0 | I89: =(E89*F89)-H89 -> 0
B90: W | C90: W1 | D90: =MP!N53 -> - | E90: =MP!R51 -> Platano | F90: =MP!R52 -> 25 | I90: =(E90*F90)-H90 -> #VALUE! | J90: =I90+I91 -> #VALUE! | K90: =J90/F90 -> #VALUE!
D91: =MP!N56 -> 0 | E91: =MP!R54 -> 0 | F91: =MP!R55 -> 0 | I91: =(E91*F91)-H91 -> 0
C92: W2 | D92: =MP!N60 -> - | E92: =MP!R58 -> Platano | F92: =MP!R59 -> 60 | I92: =(E92*F92)-H92 -> #VALUE! | J92: =I92+I93 -> #VALUE! | K92: =J92/F92 -> #VALUE!
D93: =MP!N63 -> 0 | E93: =MP!R61 -> 0 | F93: =MP!R62 -> 0 | I93: =(E93*F93)-H93 -> 0
C94: W3 | D94: =MP!N67 -> 0 | E94: =MP!R65 -> Pepita | F94: =MP!R66 -> 55 | I94: =(E94*F94)-H94 -> #VALUE! | J94: =I94+I95 -> #VALUE! | K94: =J94/F94 -> #VALUE!
D95: =MP!N70 -> 0 | E95: =MP!R68 -> 0 | F95: =MP!R69 -> 0 | I95: =(E95*F95)-H95 -> 0
C96: W4 | D96: =MP!N74 -> 0 | E96: =MP!R72 -> - | F96: =MP!R73 -> - | I96: =(E96*F96)-H96 -> #VALUE! | J96: =I96+I97 -> #VALUE! | K96: =J96/F96 -> #VALUE!
D97: =MP!N77 -> 0 | E97: =MP!R75 -> 0 | F97: =MP!R76 -> 0 | I97: =(E97*F97)-H97 -> 0
A99: ALMACEN EN PROCESO 1 | B99: Nivel | C99: Espacio | D99: Lote | E99: Materia | F99: Cantidad (pz) | G99: Peso por pieza | H99: Cantidad (kg) | I99: Cantidad Ocupada | J99: Cantidad Actualizada | K99: Total | L99: Observaciones
B100: AA | C100: AA1 | D100: =MP!$F$87 -> 0 | E100: =MP!F84 -> 0 | F100: =MP!F85 -> 0 | H100: =MP!F86 -> 0 | J100: =(F100*G100)+H100-I100 -> 0 | K100: =J100+J101 -> 0
D101: =MP!$F$91 -> 0 | E101: =MP!F88 -> 0 | F101: =MP!F89 -> 0 | H101: =MP!F90 -> 0 | J101: =(F101*G101)+H101-I101 -> 0
...

Sheet Hoja2
A1: SALIDA DE ALMACEN
A2: PRODUCTO | B2: LOTES | C2: 45694 | D2: 45722 | E2: 45753 | F2: 45783 | G2: 45814 | H2: 45906 | I2: 45936 | J2: 45967 | K2: 45820 | L2: 45821 | M2: 6/16/2025 | N2: 6/17/2025 | O2: 6/18/2025 | P2: 6/19/2025 | Q2: 6/20/2025 | R2: 6/23/2025 | S2: 6/24/2025 | T2: 6/25/2025 | U2: 6/26/2025 | V2: 6/27/2025 | W2: 6/30/2025 | X2: Total
A3: Aceite (litros) | B3: 10203 | C3: 42 | D3: 111 | E3: 150 | F3: 105 | G3: 105 | K3: 152 | M3: 190 | X3: =SUM(C3:W3) -> 855
B4: 10506 | X4: =SUM(C4:W4) -> 0
A5: Ajo molido | C5: 5.6 | D5: 3.6 | E5: 3.6 | F5: 2.4 | G5: 0.6 | X5: =SUM(C5:W5) -> 15.8
X6: =SUM(C6:W6) -> 0
A7: Ajonjoli blanco (kg) | M7: 25 | X7: =SUM(C7:W7) -> 25
X8: =SUM(C8:W8) -> 0
A9: Ajonjoli negro (kg) | K9: 100 | X9: =SUM(C9:W9) -> 100
X10: =SUM(C10:W10) -> 0
A11: Almidón | C11: 196 | D11: 126 | E11: 126 | F11: 84 | G11: 14 | X11: =SUM(C11:W11) -> 546
X12: =SUM(C12:W12) -> 0
A13: Anis (kg) | D13: 2.4 | E13: 3.6 | F13: 3 | G13: 3 | X13: =SUM(C13:W13) -> 12
X14: =SUM(C14:W14) -> 0
A15: Azucar (kg) | C15: 700 | D15: 530 | E15: 570 | F15: 400 | G15: 150 | H15: 60 | I15: 120 | J15: 15 | X15: =SUM(C15:W15) -> 2545
X16: =SUM(C16:W16) -> 0
A17: Benzoato | X17: =SUM(C17:W17) -> 0
H18: 0.42 | I18: 0.84 | X18: =SUM(C18:W18) -> 1.26
A19: Cacahuate (kg) | K19: 160 | M19: 30 | X19: =SUM(C19:W19) -> 190
X20: =SUM(C20:W20) -> 0
A21: Canela (kg) | D21: 1 | E21: 1.5 | F21: 1.25 | G21: 1.25 | X21: =SUM(C21:W21) -> 5
X22: =SUM(C22:W22) -> 0
A23: Caramelo (L) | D23: 8 | E23: 12 | F23: 10 | G23: 10 | X23: =SUM(C23:W23) -> 40
X24: =SUM(C24:W24) -> 0
A25: Cebolla molida | C25: 5.6 | D25: 3.6 | E25: 3.6 | F25: 2.4 | G25: 0.6 | X25: =SUM(C25:W25) -> 15.8
X26: =SUM(C26:W26) -> 0
A27: Chile ancho | X27: =SUM(C27:W27) -> 0
M28: 11 | X28: =SUM(C28:W28) -> 11
A29: Chile chipotle | H29: 45 | I29: 90 | X29: =SUM(C29:W29) -> 135
X30: =SUM(C30:W30) -> 0
A31: Chile guajillo | M31: 15 | X31: =SUM(C31:W31) -> 15
X32: =SUM(C32:W32) -> 0
A33: Chile pasilla molido (kg) | K33: 30 | X33: =SUM(C33:W33) -> 30
X34: =SUM(C34:W34) -> 0
A35: Chocolate (kg) | D35: 6 | E35: 9 | F35: 7.5 | G35: 7.5 | X35: =SUM(C35:W35) -> 30
X36: =SUM(C36:W36) -> 0
A37: Clavo (kg) | D37: 0.4 | E37: 0.6 | F37: 0.5 | G37: 0.5 | X37: =SUM(C37:W37) -> 2
X38: =SUM(C38:W38) -> 0
A39: Comino | X39: =SUM(C39:W39) -> 0
X40: =SUM(C40:W40) -> 0
A41: Comino en polvo | X41: =SUM(C41:W41) -> 0
X42: =SUM(C42:W42) -> 0
A43: Cocoa (kg) | X43: =SUM(C43:W43) -> 0
X44: =SUM(C44:W44) -> 0
A45: Curcuma | C45: 5.6 | D45: 3.6 | E45: 3.6 | F45: 2.4 | G45: 0.4 | X45: =SUM(C45:W45) -> 15.6
X46: =SUM(C46:W46) -> 0
A47: Esencia de almendra (L) | X47: =SUM(C47:W47) -> 0
X48: =SUM(C48:W48) -> 0
A49: Esencia de nuez (L) | X49: =SUM(C49:W49) -> 0
X50: =SUM(C50:W50) -> 0
A51: Galleta (kg) | D51: 140 | E51: 210 | F51: 175 | G51: 175 | X51: =SUM(C51:W51) -> 700
X52: =SUM(C52:W52) -> 0
A53: Glicepol (kg) | D53: 6 | E53: 9 | F53: 7.5 | G53: 7.5 | X53: =SUM(C53:W53) -> 30
X54: =SUM(C54:W54) -> 0
A55: Glutamato | C55: 28 | D55: 18 | E55: 18 | F55: 12 | G55: 2 | X55: =SUM(C55:W55) -> 78
X56: =SUM(C56:W56) -> 0
A57: Laca (amarillo No 5) | X57: =SUM(C57:W57) -> 0
C58: 1.12 | D58: 0.72 | E58: 0.72 | F58: 0.48 | G58: 0.08 | X58: =SUM(C58:W58) -> 3.12
A59: Laurel | H59: 0.15 | I59: 0.2 | J59: 0.15 | X59: =SUM(C59:W59) -> 0.5
X60: =SUM(C60:W60) -> 0
A61: Maltodextrina | C61: 56 | D61: 36 | E61: 36 | F61: 24 | G61: 4 | X61: =SUM(C61:W61) -> 156
X62: =SUM(C62:W62) -> 0
A63: Maseca (kg) | X63: =SUM(C63:W63) -> 0
X64: =SUM(C64:W64) -> 0
A65: Oleorresina (L) | D65: 0.3 | E65: 0.45 | F65: 0.375 | G65: 0.375 | X65: =SUM(C65:W65) -> 1.5
X66: =SUM(C66:W66) -> 0
A67: Oregano | X67: =SUM(C67:W67) -> 0
H68: 0.15 | I68: 0.2 | J68: 0.15 | X68: =SUM(C68:W68) -> 0.5
A69: Pepita (kg) | M69: 20 | X69: =SUM(C69:W69) -> 20
X70: =SUM(C70:W70) -> 0
A71: Perejil | C71: 2.8 | D71: 1.8 | E71: 1.8 | F71: 1.2 | G71: 0.3 | X71: =SUM(C71:W71) -> 7.9
X72: =SUM(C72:W72) -> 0
A73: Platano (kg) | D73: 20 | E73: 30 | F73: 25 | G73: 25 | X73: =SUM(C73:W73) -> 100
X74: =SUM(C74:W74) -> 0
A75: PVH | C75: 42 | D75: 27 | E75: 27 | F75: 18 | G75: 3.2 | X75: =SUM(C75:W75) -> 117.2
X76: =SUM(C76:W76) -> 0
A77: Sal (kg) | X77: =SUM(C77:W77) -> 0
C78: 2100 | D78: 1350 | E78: 1350 | F78: 900 | G78: 150 | X78: =SUM(C78:W78) -> 5850
A79: Sorbato | H79: 0.15 | I79: 0.3 | J79: 0.3 | X79: =SUM(C79:W79) -> 0.75
X80: =SUM(C80:W80) -> 0
A81: Acido Acetico | H81: 3.7 | I81: 7 | J81: 0.5 | X81: =SUM(C81:W81) -> 11.2
X82: =SUM(C82:W82) -> 0
A83: Cereza Bote | X83: =SUM(C83:W83) -> 0
K84: 228 | L84: 112 | M84: 104 | X84: =SUM(C84:W84) -> 444
